Start Date;Subject;Description;All Day Event;Private;Start Time;End Time
10/06/2023;Acesso antecipado aos sistemas eleitorais;"Data a partir da qual é garantido às entidades fiscalizadoras o acesso antecipado aos sistemas eleitorais desenvolvidos pelo Tribunal Superior Eleitoral e o acompanhamento dos trabalhos para sua especificação e desenvolvimento, para fins de fiscalização e auditoria, em ambiente específico e sob a supervisão do TSE.

RES. TSE Nº 23.738/2024
Calendário Eleitoral (Eleições 2024)
https://www.tse.jus.br/legislacao/compilada/res/2024/resolucao-no-23-738-de-27-de-fevereiro-de-2024";True;False;;
11/27/2023;Início do Teste Público de Segurança da Urna 2023 (TPS);"Início do Teste Público de Segurança da Urna 2023 (TPS) do sistema eletrônico de votação, realizado no Tribunal Superior Eleitoral.

RES. TSE Nº 23.738/2024
Calendário Eleitoral (Eleições 2024)
https://www.tse.jus.br/legislacao/compilada/res/2024/resolucao-no-23-738-de-27-de-fevereiro-de-2024";True;False;;
12/01/2023;Término do Teste Público de Segurança da Urna 2023 (TPS);"Término do Teste Público de Segurança da Urna 2023 (TPS) no sistema eletrônico de votação, realizado no Tribunal Superior Eleitoral, com a demonstração dos resultados alcançados.

RES. TSE Nº 23.738/2024
Calendário Eleitoral (Eleições 2024)
https://www.tse.jus.br/legislacao/compilada/res/2024/resolucao-no-23-738-de-27-de-fevereiro-de-2024";True;False;;
12/15/2023;Divulgação do resultado do Teste Público de Segurança da Urna 2023 (TPS);"Divulgação do resultado do Teste Público de Segurança da Urna 2023 (TPS) do sistema eletrônico de votação, pelo Tribunal Superior Eleitoral.

RES. TSE Nº 23.738/2024
Calendário Eleitoral (Eleições 2024)
https://www.tse.jus.br/legislacao/compilada/res/2024/resolucao-no-23-738-de-27-de-fevereiro-de-2024";True;False;;
12/19/2023;Designação de juízos eleitorais para municípios com mais de uma zona eleitoral;"Último dia para os tribunais regionais eleitorais designarem, para os Municípios onde houver mais de uma zona eleitoral, os juízos eleitorais que ficarão responsáveis pelo registro de candidaturas, pelo controle judicial das pesquisas eleitorais, pela fiscalização da propaganda eleitoral e procedimentos correlatos, pelo exame das prestações de contas, pela totalização dos resultados, pela diplomação das eleitas e dos eleitos, pela apreciação das representações, das reclamações e dos pedidos de direito de resposta e investigações judiciais eleitorais.

RES. TSE Nº 23.738/2024
Calendário Eleitoral (Eleições 2024)
https://www.tse.jus.br/legislacao/compilada/res/2024/resolucao-no-23-738-de-27-de-fevereiro-de-2024";True;False;;
01/01/2024;Início do registro de pesquisas eleitorais no PesqEle;"Data a partir da qual as entidades ou empresas que realizarem pesquisas de opinião pública relativas às eleições ou às possíveis candidatas ou candidatos, para conhecimento público, ficam obrigadas a registrar no Sistema de Registro de Pesquisas Eleitorais (PesqEle), até 5 (cinco) dias antes da divulgação, para cada pesquisa, as informações previstas em lei e na Res.-TSE nº 23.600/2019.

RES. TSE Nº 23.738/2024
Calendário Eleitoral (Eleições 2024)
https://www.tse.jus.br/legislacao/compilada/res/2024/resolucao-no-23-738-de-27-de-fevereiro-de-2024";True;False;;
01/01/2024;Proibição de distribuição gratuita de bens pela Administração Pública;"

RES. TSE Nº 23.738/2024
Calendário Eleitoral (Eleições 2024)
https://www.tse.jus.br/legislacao/compilada/res/2024/resolucao-no-23-738-de-27-de-fevereiro-de-2024";True;False;;
01/01/2024;Proibição de execução de programas sociais vinculados a candidatos;"

RES. TSE Nº 23.738/2024
Calendário Eleitoral (Eleições 2024)
https://www.tse.jus.br/legislacao/compilada/res/2024/resolucao-no-23-738-de-27-de-fevereiro-de-2024";True;False;;
01/01/2024;Limitação de gastos com publicidade pelos órgãos públicos;"

RES. TSE Nº 23.738/2024
Calendário Eleitoral (Eleições 2024)
https://www.tse.jus.br/legislacao/compilada/res/2024/resolucao-no-23-738-de-27-de-fevereiro-de-2024";True;False;;
03/05/2024;Instruções relativas às eleições municipais de 2024;"Data-limite para o Tribunal Superior Eleitoral expedir as instruções relativas às eleições municipais de 2024.

RES. TSE Nº 23.738/2024
Calendário Eleitoral (Eleições 2024)
https://www.tse.jus.br/legislacao/compilada/res/2024/resolucao-no-23-738-de-27-de-fevereiro-de-2024";True;False;;
03/07/2024;Justa causa para desfiliação partidária;"Data a partir da qual e até 5 de abril de 2024, considera-se justa causa para a desfiliação partidária de vereadoras e vereadores a mudança de partido para concorrer a cargo de prefeito ou de vereador.

RES. TSE Nº 23.738/2024
Calendário Eleitoral (Eleições 2024)
https://www.tse.jus.br/legislacao/compilada/res/2024/resolucao-no-23-738-de-27-de-fevereiro-de-2024";True;False;;
04/01/2024;Propaganda institucional para incentivar participação feminina e jovem na política;"Data a partir da qual e até 30 de julho de 2024, o Tribunal Superior Eleitoral promoverá, em até 5 (cinco) minutos diários, contínuos ou não, requisitados às emissoras de rádio e de televisão, propaganda institucional destinada a incentivar a participação feminina, das(dos) jovens e da comunidade negra na política e a esclarecer cidadãs e cidadãos sobre as regras e o funcionamento do sistema eleitoral brasileiro.

RES. TSE Nº 23.738/2024
Calendário Eleitoral (Eleições 2024)
https://www.tse.jus.br/legislacao/compilada/res/2024/resolucao-no-23-738-de-27-de-fevereiro-de-2024";True;False;;
04/05/2024;Término do período de justa causa para desfiliação partidária;"Último dia do período em que se considera justa causa para a desfiliação partidária de vereadores e vereadores a mudança de partido para concorrer a cargo de prefeito ou de vereador.

RES. TSE Nº 23.738/2024
Calendário Eleitoral (Eleições 2024)
https://www.tse.jus.br/legislacao/compilada/res/2024/resolucao-no-23-738-de-27-de-fevereiro-de-2024";True;False;;
04/06/2024;Data-limite para registro de estatutos de partidos políticos;"Data-limite para registro, no Tribunal Superior Eleitoral, dos estatutos de partidos políticos e federações que poderão participar das eleições de 2024.

RES. TSE Nº 23.738/2024
Calendário Eleitoral (Eleições 2024)
https://www.tse.jus.br/legislacao/compilada/res/2024/resolucao-no-23-738-de-27-de-fevereiro-de-2024";True;False;;
04/06/2024;Data-limite para filiação partidária e domicílio eleitoral;"

RES. TSE Nº 23.738/2024
Calendário Eleitoral (Eleições 2024)
https://www.tse.jus.br/legislacao/compilada/res/2024/resolucao-no-23-738-de-27-de-fevereiro-de-2024";True;False;;
04/06/2024;Data-limite para renúncia de mandatos;"

RES. TSE Nº 23.738/2024
Calendário Eleitoral (Eleições 2024)
https://www.tse.jus.br/legislacao/compilada/res/2024/resolucao-no-23-738-de-27-de-fevereiro-de-2024";True;False;;
04/08/2024;Último dia para solicitações de alistamento, transferência e revisão eleitoral;"Último dia para que eleitoras e eleitores domiciliados(as) no Brasil que não possuem cadastro biométrico na Justiça Eleitoral solicitem operações de alistamento, transferência e revisão pelo serviço de autoatendimento eleitoral na internet.

RES. TSE Nº 23.738/2024
Calendário Eleitoral (Eleições 2024)
https://www.tse.jus.br/legislacao/compilada/res/2024/resolucao-no-23-738-de-27-de-fevereiro-de-2024";True;False;;
04/09/2024;Último dia para publicação de normas para escolha de candidatos;"Último dia para o órgão de direção nacional do partido político ou da federação, que pretenda participar das eleições de 2024, fazer publicar, no Diário Oficial da União, na hipótese de omissão do estatuto, as normas para escolha e substituição de candidatas e candidatos e para a formação de coligações.

RES. TSE Nº 23.738/2024
Calendário Eleitoral (Eleições 2024)
https://www.tse.jus.br/legislacao/compilada/res/2024/resolucao-no-23-738-de-27-de-fevereiro-de-2024";True;False;;
04/09/2024;Proibição de revisão geral de remuneração de servidores públicos;"

RES. TSE Nº 23.738/2024
Calendário Eleitoral (Eleições 2024)
https://www.tse.jus.br/legislacao/compilada/res/2024/resolucao-no-23-738-de-27-de-fevereiro-de-2024";True;False;;
05/08/2024;Último dia para recebimento de solicitações de alistamento e revisão eleitoral;"Último dia para o recebimento de solicitações de operações de alistamento, transferência e revisão eleitoral em todas as unidades da Justiça Eleitoral e no serviço de autoatendimento na internet.

RES. TSE Nº 23.738/2024
Calendário Eleitoral (Eleições 2024)
https://www.tse.jus.br/legislacao/compilada/res/2024/resolucao-no-23-738-de-27-de-fevereiro-de-2024";True;False;;
05/09/2024;Suspensão de solicitações de alistamento e revisão eleitoral;"Data a partir da qual, até 5 de novembro de 2024, fica suspenso o recebimento de solicitações de operações de alistamento, transferência e revisão eleitoral em todas as unidades da Justiça Eleitoral e no serviço de autoatendimento na internet.

RES. TSE Nº 23.738/2024
Calendário Eleitoral (Eleições 2024)
https://www.tse.jus.br/legislacao/compilada/res/2024/resolucao-no-23-738-de-27-de-fevereiro-de-2024";True;False;;
05/15/2024;Teste de Confirmação das correções aplicadas no TPS;"Data a partir da qual, até 17 de maio de 2024, será realizado o Teste de Confirmação das correções aplicadas decorrentes dos resultados obtidos no Teste Público de Segurança da Urna 2023 (TPS), ocorrido no período de 27 de novembro a 1º de dezembro de 2023 no Tribunal Superior Eleitoral.

RES. TSE Nº 23.738/2024
Calendário Eleitoral (Eleições 2024)
https://www.tse.jus.br/legislacao/compilada/res/2024/resolucao-no-23-738-de-27-de-fevereiro-de-2024";True;False;;
05/15/2024;Início da arrecadação prévia de recursos via financiamento coletivo;"

RES. TSE Nº 23.738/2024
Calendário Eleitoral (Eleições 2024)
https://www.tse.jus.br/legislacao/compilada/res/2024/resolucao-no-23-738-de-27-de-fevereiro-de-2024";True;False;;
05/17/2024;Término do Teste de Confirmação das correções aplicadas no TPS;"Último dia do Teste de Confirmação das correções aplicadas decorrentes dos resultados obtidos no Teste Público de Segurança da Urna 2023 (TPS) ocorrido no período de 27 de novembro a 1º de dezembro de 2023 no Tribunal Superior Eleitoral.

RES. TSE Nº 23.738/2024
Calendário Eleitoral (Eleições 2024)
https://www.tse.jus.br/legislacao/compilada/res/2024/resolucao-no-23-738-de-27-de-fevereiro-de-2024";True;False;;
06/03/2024;Início do prazo para cadastramento de agregação de seções eleitorais;"Início do prazo para cadastramento de agregação de seções eleitorais.

RES. TSE Nº 23.738/2024
Calendário Eleitoral (Eleições 2024)
https://www.tse.jus.br/legislacao/compilada/res/2024/resolucao-no-23-738-de-27-de-fevereiro-de-2024";True;False;;
07/05/2024;Último dia para entrega de códigos-fonte de programas de verificação;"Último dia para entidades fiscalizadoras, que desenvolveram programa próprio de verificação, entregarem à Secretaria de Tecnologia da Informação do Tribunal Superior Eleitoral, para homologação, os códigos-fonte dos programas de verificação e a chave pública correspondente.

RES. TSE Nº 23.738/2024
Calendário Eleitoral (Eleições 2024)
https://www.tse.jus.br/legislacao/compilada/res/2024/resolucao-no-23-738-de-27-de-fevereiro-de-2024";True;False;;
07/08/2024;Último dia para publicação de edital de mesários e apoio logístico;"

RES. TSE Nº 23.738/2024
Calendário Eleitoral (Eleições 2024)
https://www.tse.jus.br/legislacao/compilada/res/2024/resolucao-no-23-738-de-27-de-fevereiro-de-2024";True;False;;
07/09/2024;Publicação de edital com nome de mesários e apoio logístico;"Data a partir da qual e até 30 de agosto de 2024, as juízas e os juízes deverão publicar edital contendo o nome das pessoas designadas como mesárias e mesários que atuarão nas seções instaladas em estabelecimentos penais e nas unidades de internação de adolescentes, no primeiro e no eventual segundo turnos de votação, contando-se da publicação do edital o prazo de 5 (cinco) dias para que os partidos políticos e federações reclamem das designações e para que as pessoas nomeadas, salvo se o impedimento for superveniente, apresentem recusa.

RES. TSE Nº 23.738/2024
Calendário Eleitoral (Eleições 2024)
https://www.tse.jus.br/legislacao/compilada/res/2024/resolucao-no-23-738-de-27-de-fevereiro-de-2024";True;False;;
07/12/2024;Início do prazo para cadastramento de agregação de seções eleitorais;"Início do prazo para cadastramento de agregação de seções eleitorais.

RES. TSE Nº 23.738/2024
Calendário Eleitoral (Eleições 2024)
https://www.tse.jus.br/legislacao/compilada/res/2024/resolucao-no-23-738-de-27-de-fevereiro-de-2024";True;False;;
07/16/2024;Divulgação de comunicados e instruções ao eleitorado;"Data a partir da qual e até 15 de agosto de 2024 e também nos 3 (três) dias que antecedem a eleição, o Tribunal Superior Eleitoral poderá divulgar comunicados, boletins e instruções ao eleitorado, em até 10 (dez) minutos diários requisitados às emissoras de rádio e de televisão, contínuos ou não, que poderão ser somados e usados em dias descontínuos, podendo ceder, a seu critério, parte desse tempo para utilização por tribunal regional eleitoral.

RES. TSE Nº 23.738/2024
Calendário Eleitoral (Eleições 2024)
https://www.tse.jus.br/legislacao/compilada/res/2024/resolucao-no-23-738-de-27-de-fevereiro-de-2024";True;False;;
07/19/2024;Data-limite para criação de novos locais de votação;"Data-limite para criação, no Cadastro Eleitoral, dos novos locais de votação onde funcionarão as seções eleitorais dos estabelecimentos penais e das unidades de internação de adolescentes, se ainda não existirem.

RES. TSE Nº 23.738/2024
Calendário Eleitoral (Eleições 2024)
https://www.tse.jus.br/legislacao/compilada/res/2024/resolucao-no-23-738-de-27-de-fevereiro-de-2024";True;False;;
07/20/2024;Início das convenções partidárias para escolha de candidatos;"Data a partir da qual e até 5 de agosto de 2024, os partidos políticos e as federações poderão realizar convenções para deliberar sobre coligações e escolher candidatas e candidatos aos cargos de prefeito, vice-prefeito e vereador.

RES. TSE Nº 23.738/2024
Calendário Eleitoral (Eleições 2024)
https://www.tse.jus.br/legislacao/compilada/res/2024/resolucao-no-23-738-de-27-de-fevereiro-de-2024";True;False;;
07/26/2024;Último dia para publicação de edital com nomes das juntas eleitorais;"Último dia para a publicação do edital com os nomes das pessoas indicadas para compor as juntas eleitorais para o primeiro e eventual segundo turnos de votação, contando-se da data da publicação o prazo de 3 (três) dias para que partidos políticos e federações apresentem impugnação.

RES. TSE Nº 23.738/2024
Calendário Eleitoral (Eleições 2024)
https://www.tse.jus.br/legislacao/compilada/res/2024/resolucao-no-23-738-de-27-de-fevereiro-de-2024";True;False;;
07/30/2024;Término da propaganda institucional para incentivar participação feminina;"Data até a qual o Tribunal Superior Eleitoral promoverá, em até 5 (cinco) minutos diários, contínuos ou não, requisitados às emissoras de rádio e de televisão, propaganda institucional destinada a incentivar a participação feminina, das(dos) jovens e da comunidade negra na política e a esclarecer cidadãs e cidadãos sobre as regras e o funcionamento do sistema eleitoral brasileiro.

RES. TSE Nº 23.738/2024
Calendário Eleitoral (Eleições 2024)
https://www.tse.jus.br/legislacao/compilada/res/2024/resolucao-no-23-738-de-27-de-fevereiro-de-2024";True;False;;
08/04/2024;Término do período de propaganda intrapartidária;"Data até a qual, respeitado o período de 15 (quinze) dias que antecede a convenção do partido político ou da federação para escolha de candidatas e candidatos, é permitida a realização de propaganda intrapartidária, com vista à indicação de nomes para concorrer aos cargos de prefeito, vice-prefeito e vereador, vedado o uso de rádio, televisão e outdoor e devendo a propaganda ser removida imediatamente após a convenção.

RES. TSE Nº 23.738/2024
Calendário Eleitoral (Eleições 2024)
https://www.tse.jus.br/legislacao/compilada/res/2024/resolucao-no-23-738-de-27-de-fevereiro-de-2024";True;False;;
08/05/2024;Último dia para convenções partidárias;"Último dia para que os partidos políticos e as federações realizem convenções para deliberar sobre a formação de coligações e sobre a escolha de candidatas e candidatos aos cargos de prefeito, vice-prefeito e vereador.

RES. TSE Nº 23.738/2024
Calendário Eleitoral (Eleições 2024)
https://www.tse.jus.br/legislacao/compilada/res/2024/resolucao-no-23-738-de-27-de-fevereiro-de-2024";True;False;;
08/06/2024;Vedação de propaganda política em rádio e TV;"Data a partir da qual é vedado às emissoras de rádio e de televisão, em sua programação normal e em seu noticiário, transmitir, ainda que sob a forma de entrevista jornalística, imagens de realização de pesquisa ou de qualquer outro tipo de consulta popular de natureza eleitoral em que seja possível identificar a(o) entrevistada(o) ou em que haja manipulação de dados; veicular propaganda política; dar tratamento privilegiado a candidata, candidato, partido político, federação ou coligação, inclusive sob a forma de retransmissão de live eleitoral; veicular ou divulgar filmes, novelas, minisséries ou qualquer outro programa com alusão ou crítica voltada especificamente a candidata, candidato, partido político, federação ou coligação, mesmo que dissimuladamente, exceto programas jornalísticos ou debates políticos; divulgar nome de programa que se refira a candidata ou candidato escolhida(o) em convenção, ainda se preexistente, inclusive se coincidente com seu nome ou nome escolhido para constar da urna eletrônica, hipótese em fica proibida sua divulgação, sob pena de cancelamento do respectivo registro.

RES. TSE Nº 23.738/2024
Calendário Eleitoral (Eleições 2024)
https://www.tse.jus.br/legislacao/compilada/res/2024/resolucao-no-23-738-de-27-de-fevereiro-de-2024";True;False;;
08/07/2024;Prioridade postal para remessa de material de propaganda;"Data a partir da qual é assegurada aos partidos políticos e às federações a prioridade postal para a remessa de material de propaganda de suas candidatas e de seus candidatos.

RES. TSE Nº 23.738/2024
Calendário Eleitoral (Eleições 2024)
https://www.tse.jus.br/legislacao/compilada/res/2024/resolucao-no-23-738-de-27-de-fevereiro-de-2024";True;False;;
08/13/2024;Publicação da tabela de representação dos partidos políticos;"Data-limite para que o Tribunal Superior Eleitoral publique a tabela com a representação dos partidos políticos na Câmara dos Deputados e no Congresso Nacional, consideradas as novas totalizações do resultado das últimas eleições gerais que ocorreram até 20 de julho de 2024, para divisão do tempo destinado à propaganda eleitoral gratuita no rádio e na televisão e para a realização de debates.

RES. TSE Nº 23.738/2024
Calendário Eleitoral (Eleições 2024)
https://www.tse.jus.br/legislacao/compilada/res/2024/resolucao-no-23-738-de-27-de-fevereiro-de-2024";True;False;;
08/15/2024;Último dia para registro de candidaturas;"Último dia para os partidos políticos, as federações e as coligações requererem o registro de candidatas e candidatos aos cargos de prefeito, vice-prefeito e vereadores.

RES. TSE Nº 23.738/2024
Calendário Eleitoral (Eleições 2024)
https://www.tse.jus.br/legislacao/compilada/res/2024/resolucao-no-23-738-de-27-de-fevereiro-de-2024";True;False;;
08/15/2024;Último dia para envio de relação de contas rejeitadas;"

RES. TSE Nº 23.738/2024
Calendário Eleitoral (Eleições 2024)
https://www.tse.jus.br/legislacao/compilada/res/2024/resolucao-no-23-738-de-27-de-fevereiro-de-2024";True;False;;
08/15/2024;Abertura de cartórios eleitorais aos sábados, domingos e feriados;"

RES. TSE Nº 23.738/2024
Calendário Eleitoral (Eleições 2024)
https://www.tse.jus.br/legislacao/compilada/res/2024/resolucao-no-23-738-de-27-de-fevereiro-de-2024";True;False;;
08/16/2024;Início da propaganda eleitoral;"Data a partir da qual será permitida a propaganda eleitoral, inclusive na internet.

RES. TSE Nº 23.738/2024
Calendário Eleitoral (Eleições 2024)
https://www.tse.jus.br/legislacao/compilada/res/2024/resolucao-no-23-738-de-27-de-fevereiro-de-2024";True;False;;
08/17/2024;Data-limite para informar veículos para transporte de eleitores;"Data-limite para as pessoas responsáveis por repartições, órgãos e unidades do serviço público federal, estadual e municipal oficiarem ao juízo eleitoral correspondente, informando o número, a espécie e a lotação dos veículos e embarcações de que dispõem para o transporte gratuito de eleitoras e de eleitores residentes em zonas rurais, aldeias indígenas, comunidades remanescentes dos quilombos e comunidades tradicionais para o primeiro e eventual segundo turno de votação.

RES. TSE Nº 23.738/2024
Calendário Eleitoral (Eleições 2024)
https://www.tse.jus.br/legislacao/compilada/res/2024/resolucao-no-23-738-de-27-de-fevereiro-de-2024";True;False;;
08/20/2024;Divulgação de percentuais de candidaturas femininas e negras;"Data-limite para que o Tribunal Superior Eleitoral divulgue em sua página da internet os percentuais de candidaturas de femininas e de pessoas negras por partido político, calculados sobre o total de candidaturas que constaram de pedidos coletivos (RRC) e individuais (RRCI) no território nacional, para a destinação dos recursos do fundo partidário e do FEFC, de acordo com as reservas estabelecidas no § 4º do art. 17 e no § 3º do art. 19 da Resolução-TSE nº 23.607 de 2019.

RES. TSE Nº 23.738/2024
Calendário Eleitoral (Eleições 2024)
https://www.tse.jus.br/legislacao/compilada/res/2024/resolucao-no-23-738-de-27-de-fevereiro-de-2024";True;False;;
08/22/2024;Último dia para habilitação para votar em seção distinta;"Último dia para o requerimento, a alteração ou o cancelamento da habilitação para votar em seção distinta da origem dentro do mesmo Município de: a) presas e presos provisórias(os) e adolescentes em unidades de internação, b) militares, agentes de segurança pública e guardas municipais em serviço no dia da eleição; c) com deficiência ou mobilidade reduzida; d) indígenas, quilombolas, integrantes de comunidades tradicionais e residentes de assentamentos rurais; e) e juízas e juízes eleitorais, juízas e juízes auxiliares, servidoras e servidores da Justiça Eleitoral e promotoras e promotores eleitorais em serviço no dia das eleições.

RES. TSE Nº 23.738/2024
Calendário Eleitoral (Eleições 2024)
https://www.tse.jus.br/legislacao/compilada/res/2024/resolucao-no-23-738-de-27-de-fevereiro-de-2024";True;False;;
08/23/2024;Último dia para distribuição de atribuições entre emissoras;"Último dia para as emissoras distribuírem entre si as atribuições relativas ao fornecimento de equipamentos e mão de obra especializada para a geração da propaganda eleitoral e definirem a forma de veiculação de sinal único de propaganda e a forma pela qual todas as emissoras deverão captar e retransmitir o sinal.

RES. TSE Nº 23.738/2024
Calendário Eleitoral (Eleições 2024)
https://www.tse.jus.br/legislacao/compilada/res/2024/resolucao-no-23-738-de-27-de-fevereiro-de-2024";True;False;;
08/25/2024;Data-limite para elaboração de plano de mídia;"Data-limite para que as juízas ou os juízes eleitorais responsáveis pela propaganda convoquem os partidos políticos, as federações e a representação das emissoras de televisão e de rádio para a elaboração de plano de mídia para uso da parcela do horário eleitoral gratuito a que tenham direito, assim como para realizar o sorteio para escolha da ordem de veiculação da propaganda em rede.

RES. TSE Nº 23.738/2024
Calendário Eleitoral (Eleições 2024)
https://www.tse.jus.br/legislacao/compilada/res/2024/resolucao-no-23-738-de-27-de-fevereiro-de-2024";True;False;;
08/27/2024;Último dia para indicação de pessoas para Comissão de Transporte;"Último dia para os partidos políticos e federações indicarem até 3 (três) pessoas para compor a Comissão Especial de Transporte para o primeiro e eventual segundo turnos de votação.

RES. TSE Nº 23.738/2024
Calendário Eleitoral (Eleições 2024)
https://www.tse.jus.br/legislacao/compilada/res/2024/resolucao-no-23-738-de-27-de-fevereiro-de-2024";True;False;;
08/28/2024;Último dia para indicação de pessoas autorizadas a entregar mapas e mídias;"Último dia para os partidos, as federações e as coligações indicarem ao grupo de emissoras ou à emissora responsável pela geração do sinal para veiculação da propaganda eleitoral gratuita, as pessoas autorizadas a entregar os mapas e as mídias, comunicando eventual substituição com, no mínimo, 24 (vinte e quatro) horas de antecedência, dispensado o credenciamento para as(os) presidentes das legendas e as(os) vice-presidentes e delegadas(os) credenciadas(os), mediante certidão obtida no sítio eletrônico do TSE.

RES. TSE Nº 23.738/2024
Calendário Eleitoral (Eleições 2024)
https://www.tse.jus.br/legislacao/compilada/res/2024/resolucao-no-23-738-de-27-de-fevereiro-de-2024";True;False;;
08/29/2024;Último dia para agregação de seções eleitorais;"Último dia para agregação de seções pelas zonas eleitorais.

RES. TSE Nº 23.738/2024
Calendário Eleitoral (Eleições 2024)
https://www.tse.jus.br/legislacao/compilada/res/2024/resolucao-no-23-738-de-27-de-fevereiro-de-2024";True;False;;
08/30/2024;Último dia para publicação de edital com nomes de mesários;"Último dia para que as juízas e os juízes eleitorais publiquem edital com os nomes das pessoas designadas mesárias e mesários nas seções instaladas em estabelecimentos penais e nas unidades de internação de adolescentes, contando-se da publicação do edital o prazo de 5 (cinco) dias para que os partidos políticos e federações reclamem das nomeações e para que as pessoas nomeadas, salvo se o impedimento for superveniente, apresentem recusa.

RES. TSE Nº 23.738/2024
Calendário Eleitoral (Eleições 2024)
https://www.tse.jus.br/legislacao/compilada/res/2024/resolucao-no-23-738-de-27-de-fevereiro-de-2024";True;False;;
08/30/2024;Início da propaganda eleitoral gratuita no rádio e TV;"

RES. TSE Nº 23.738/2024
Calendário Eleitoral (Eleições 2024)
https://www.tse.jus.br/legislacao/compilada/res/2024/resolucao-no-23-738-de-27-de-fevereiro-de-2024";True;False;;
09/01/2024;Homologação de programas de verificação;"Observada a data da Cerimônia de Assinatura Digital e Lacração dos Sistemas, último dia para o Tribunal Superior Eleitoral homologar os programas de verificação dos sistemas eleitorais desenvolvidos pelas entidades fiscalizadoras para fins de auditoria.

RES. TSE Nº 23.738/2024
Calendário Eleitoral (Eleições 2024)
https://www.tse.jus.br/legislacao/compilada/res/2024/resolucao-no-23-738-de-27-de-fevereiro-de-2024";True;False;;
09/02/2024;Último dia para agregação de seções pelos TREs;"Último dia para agregação de seções pelos tribunais regionais eleitorais.

RES. TSE Nº 23.738/2024
Calendário Eleitoral (Eleições 2024)
https://www.tse.jus.br/legislacao/compilada/res/2024/resolucao-no-23-738-de-27-de-fevereiro-de-2024";True;False;;
09/03/2024;Disponibilização de consulta à seção de votação;"Data a partir da qual estará disponível, no e-Título ou na internet, o serviço de consulta à seção de votação, atualizada com as informações a respeito da transferência temporária da eleitora ou do eleitor.

RES. TSE Nº 23.738/2024
Calendário Eleitoral (Eleições 2024)
https://www.tse.jus.br/legislacao/compilada/res/2024/resolucao-no-23-738-de-27-de-fevereiro-de-2024";True;False;;
09/06/2024;Último dia para preenchimento de vagas remanescentes para vereador;"Último dia para que, se a convenção não tiver indicado o número máximo de candidaturas para o cargo de vereador, os órgãos de direção dos partidos políticos e das federações preencham as vagas remanescentes, observando os percentuais mínimo e máximo para candidaturas de cada gênero.

RES. TSE Nº 23.738/2024
Calendário Eleitoral (Eleições 2024)
https://www.tse.jus.br/legislacao/compilada/res/2024/resolucao-no-23-738-de-27-de-fevereiro-de-2024";True;False;;
09/06/2024;Último dia para designação de escrutinadores e auxiliares;"

RES. TSE Nº 23.738/2024
Calendário Eleitoral (Eleições 2024)
https://www.tse.jus.br/legislacao/compilada/res/2024/resolucao-no-23-738-de-27-de-fevereiro-de-2024";True;False;;
09/06/2024;Último dia para instalação da Comissão de Transporte;"

RES. TSE Nº 23.738/2024
Calendário Eleitoral (Eleições 2024)
https://www.tse.jus.br/legislacao/compilada/res/2024/resolucao-no-23-738-de-27-de-fevereiro-de-2024";True;False;;
09/06/2024;Último dia para planejamento de transporte de eleitores;"

RES. TSE Nº 23.738/2024
Calendário Eleitoral (Eleições 2024)
https://www.tse.jus.br/legislacao/compilada/res/2024/resolucao-no-23-738-de-27-de-fevereiro-de-2024";True;False;;
09/06/2024;Convocação de entidades fiscalizadoras para assinatura digital;"

RES. TSE Nº 23.738/2024
Calendário Eleitoral (Eleições 2024)
https://www.tse.jus.br/legislacao/compilada/res/2024/resolucao-no-23-738-de-27-de-fevereiro-de-2024";True;False;;
09/09/2024;Início do envio de prestação parcial de contas;"Data a partir da qual e até 13 de setembro de 2024, os partidos políticos, as candidatas e os candidatos deverão enviar à Justiça Eleitoral, pelo Sistema de Prestação de Contas Eleitorais (SPCE), a prestação parcial de contas, dela constando o registro da movimentação financeira e/ou estimável em dinheiro ocorrida desde o início da campanha até 8 de setembro de 2024, para cumprimento do disposto no inciso II do § 4º do art. 28 da Lei nº 9.504 de 1997.

RES. TSE Nº 23.738/2024
Calendário Eleitoral (Eleições 2024)
https://www.tse.jus.br/legislacao/compilada/res/2024/resolucao-no-23-738-de-27-de-fevereiro-de-2024";True;False;;
09/11/2024;Último dia para entidades fiscalizadoras informarem interesse em assinar sistemas;"Observada a data marcada para a Cerimônia de Assinatura Digital e Lacração dos Sistemas, último dia para que as entidades fiscalizadoras que demonstrarem interesse em assinar digitalmente os sistemas eleitorais com seus próprios programas de verificação informarem à Secretaria de Tecnologia da Informação do TSE e apresentarem o certificado digital com o qual assinarão os programas.

RES. TSE Nº 23.738/2024
Calendário Eleitoral (Eleições 2024)
https://www.tse.jus.br/legislacao/compilada/res/2024/resolucao-no-23-738-de-27-de-fevereiro-de-2024";True;False;;
09/13/2024;Último dia para envio de prestação parcial de contas;"Último dia para que os partidos políticos, as candidatas e os candidatos enviem à Justiça Eleitoral, pelo Sistema de Prestação de Contas Eleitorais (SPCE), a prestação parcial de contas, dela constando o registro da movimentação financeira e/ou estimável em dinheiro ocorrida desde o início da campanha até 8 de setembro de 2024, para cumprimento do disposto no inciso II do § 4º do art. 28 da Lei nº 9.504 de 1997.

RES. TSE Nº 23.738/2024
Calendário Eleitoral (Eleições 2024)
https://www.tse.jus.br/legislacao/compilada/res/2024/resolucao-no-23-738-de-27-de-fevereiro-de-2024";True;False;;
09/14/2024;Último dia para comunicação de anulações de deliberações;"Último dia para os partidos políticos, as federações e as coligações comunicarem à Justiça Eleitoral anulações de deliberações dos atos decorrentes de convenção partidária, observado, quanto à escolha de novas(os) candidatas(os), a necessidade de o pedido de registro ser apresentado à Justiça Eleitoral nos 10 (dez) dias seguintes à deliberação.

RES. TSE Nº 23.738/2024
Calendário Eleitoral (Eleições 2024)
https://www.tse.jus.br/legislacao/compilada/res/2024/resolucao-no-23-738-de-27-de-fevereiro-de-2024";True;False;;
09/15/2024;Divulgação da prestação parcial de contas;"Data em que será divulgada, na internet, a prestação parcial de contas da campanha das candidatas, dos candidatos e dos partidos políticos com a indicação dos nomes, do CPF ou CNPJ das(os) doadoras(es) e dos respectivos valores doados, observadas as diretrizes para tratamento de dados pessoais da Lei nº 13.709 de 2018 e da Resolução-TSE nº 23.650 de 2021.

RES. TSE Nº 23.738/2024
Calendário Eleitoral (Eleições 2024)
https://www.tse.jus.br/legislacao/compilada/res/2024/resolucao-no-23-738-de-27-de-fevereiro-de-2024";True;False;;
09/16/2024;Data-limite para julgamento de pedidos de registro de candidaturas;"Data em que todos os pedidos de registro de candidaturas aos cargos de prefeito, vice-prefeito e vereador, inclusive os impugnados e os respectivos recursos, devem estar julgados pelas instâncias ordinárias e publicadas as decisões.

RES. TSE Nº 23.738/2024
Calendário Eleitoral (Eleições 2024)
https://www.tse.jus.br/legislacao/compilada/res/2024/resolucao-no-23-738-de-27-de-fevereiro-de-2024";True;False;;
09/16/2024;Último dia para substituição de candidatos;"

RES. TSE Nº 23.738/2024
Calendário Eleitoral (Eleições 2024)
https://www.tse.jus.br/legislacao/compilada/res/2024/resolucao-no-23-738-de-27-de-fevereiro-de-2024";True;False;;
09/16/2024;Último dia para escolha ou sorteio de seções para auditoria;"

RES. TSE Nº 23.738/2024
Calendário Eleitoral (Eleições 2024)
https://www.tse.jus.br/legislacao/compilada/res/2024/resolucao-no-23-738-de-27-de-fevereiro-de-2024";True;False;;
09/16/2024;Lacração dos sistemas eleitorais;"

RES. TSE Nº 23.738/2024
Calendário Eleitoral (Eleições 2024)
https://www.tse.jus.br/legislacao/compilada/res/2024/resolucao-no-23-738-de-27-de-fevereiro-de-2024";True;False;;
09/21/2024;Data-limite para requisição de servidores e instalações para transporte;"Data a partir da qual, até 8 de outubro, nenhuma candidata ou candidato poderá ser detida(o) ou presa(o), salvo em flagrante delito.

RES. TSE Nº 23.738/2024
Calendário Eleitoral (Eleições 2024)
https://www.tse.jus.br/legislacao/compilada/res/2024/resolucao-no-23-738-de-27-de-fevereiro-de-2024";True;False;;
09/21/2024;Requisição de servidores e instalações para transporte de eleitores;"

RES. TSE Nº 23.738/2024
Calendário Eleitoral (Eleições 2024)
https://www.tse.jus.br/legislacao/compilada/res/2024/resolucao-no-23-738-de-27-de-fevereiro-de-2024";True;False;;
09/21/2024;Divulgação de quadro geral de percursos e horários de transporte;"

RES. TSE Nº 23.738/2024
Calendário Eleitoral (Eleições 2024)
https://www.tse.jus.br/legislacao/compilada/res/2024/resolucao-no-23-738-de-27-de-fevereiro-de-2024";True;False;;
09/26/2024;Ações de esclarecimento sobre o voto;"

RES. TSE Nº 23.738/2024
Calendário Eleitoral (Eleições 2024)
https://www.tse.jus.br/legislacao/compilada/res/2024/resolucao-no-23-738-de-27-de-fevereiro-de-2024";True;False;;
09/26/2024;Data-limite para definição de locais de Testes de Integridade com Biometria;"Data-limite para a definição, pela Comissão de Auditoria da Votação Eletrônica, dos locais onde serão realizados os Testes de Integridade com Biometria, para o primeiro turno.

RES. TSE Nº 23.738/2024
Calendário Eleitoral (Eleições 2024)
https://www.tse.jus.br/legislacao/compilada/res/2024/resolucao-no-23-738-de-27-de-fevereiro-de-2024";True;False;;
09/30/2024;Último dia para registro de pesquisas eleitorais;"Último dia para o registro, no Sistema de Registro de Pesquisas Eleitorais (PesqEle), das pesquisas de opinião pública realizadas em data anterior ao dia das eleições, para conhecimento público, relativas ao pleito ou às(aos) candidatas(os), que se pretenda divulgar no dia das eleições, no horário legalmente permitido.

RES. TSE Nº 23.738/2024
Calendário Eleitoral (Eleições 2024)
https://www.tse.jus.br/legislacao/compilada/res/2024/resolucao-no-23-738-de-27-de-fevereiro-de-2024";True;False;;
10/01/2024;Último dia para o registro de pesquisas eleitorais no Sistema de Registro de Pesquisas Eleitorais (PesqEle);"Último dia para registrar pesquisas de opinião pública realizadas antes do dia das eleições, que se pretenda divulgar no dia das eleições, no horário legalmente permitido.

RES. TSE Nº 23.738/2024
Calendário Eleitoral (Eleições 2024)
https://www.tse.jus.br/legislacao/compilada/res/2024/resolucao-no-23-738-de-27-de-fevereiro-de-2024";True;False;;
10/01/2024;Designação de horário e local para verificação de sistemas;"

RES. TSE Nº 23.738/2024
Calendário Eleitoral (Eleições 2024)
https://www.tse.jus.br/legislacao/compilada/res/2024/resolucao-no-23-738-de-27-de-fevereiro-de-2024";True;False;;
10/03/2024;Último dia para divulgação da propaganda eleitoral gratuita no rádio e na televisão relativa ao primeiro turno;"Último dia para a divulgação da propaganda eleitoral gratuita no rádio e na televisão relativa ao primeiro turno.

RES. TSE Nº 23.738/2024
Calendário Eleitoral (Eleições 2024)
https://www.tse.jus.br/legislacao/compilada/res/2024/resolucao-no-23-738-de-27-de-fevereiro-de-2024";True;False;;
10/03/2024;Término de comícios e uso de sonorização fixa;"

RES. TSE Nº 23.738/2024
Calendário Eleitoral (Eleições 2024)
https://www.tse.jus.br/legislacao/compilada/res/2024/resolucao-no-23-738-de-27-de-fevereiro-de-2024";True;False;;
10/03/2024;Término de debates no rádio e TV;"

RES. TSE Nº 23.738/2024
Calendário Eleitoral (Eleições 2024)
https://www.tse.jus.br/legislacao/compilada/res/2024/resolucao-no-23-738-de-27-de-fevereiro-de-2024";True;False;;
10/03/2024;Expedição de salvo-conduto para eleitores;"

RES. TSE Nº 23.738/2024
Calendário Eleitoral (Eleições 2024)
https://www.tse.jus.br/legislacao/compilada/res/2024/resolucao-no-23-738-de-27-de-fevereiro-de-2024";True;False;;
10/03/2024;Divulgação de comunicados e instruções ao eleitorado;"

RES. TSE Nº 23.738/2024
Calendário Eleitoral (Eleições 2024)
https://www.tse.jus.br/legislacao/compilada/res/2024/resolucao-no-23-738-de-27-de-fevereiro-de-2024";True;False;;
10/03/2024;Término de circulação paga de propaganda eleitoral na internet;"

RES. TSE Nº 23.738/2024
Calendário Eleitoral (Eleições 2024)
https://www.tse.jus.br/legislacao/compilada/res/2024/resolucao-no-23-738-de-27-de-fevereiro-de-2024";True;False;;
10/04/2024;Término de divulgação paga de propaganda na imprensa escrita;"

RES. TSE Nº 23.738/2024
Calendário Eleitoral (Eleições 2024)
https://www.tse.jus.br/legislacao/compilada/res/2024/resolucao-no-23-738-de-27-de-fevereiro-de-2024";True;False;;
10/04/2024;Audiência para verificação de sistemas;"

RES. TSE Nº 23.738/2024
Calendário Eleitoral (Eleições 2024)
https://www.tse.jus.br/legislacao/compilada/res/2024/resolucao-no-23-738-de-27-de-fevereiro-de-2024";True;False;;
10/04/2024;Comunicação de nomes de fiscais e delegados;"

RES. TSE Nº 23.738/2024
Calendário Eleitoral (Eleições 2024)
https://www.tse.jus.br/legislacao/compilada/res/2024/resolucao-no-23-738-de-27-de-fevereiro-de-2024";True;False;;
10/05/2024;Término de uso de alto-falantes e amplificadores de som;"

RES. TSE Nº 23.738/2024
Calendário Eleitoral (Eleições 2024)
https://www.tse.jus.br/legislacao/compilada/res/2024/resolucao-no-23-738-de-27-de-fevereiro-de-2024";True;False;;
10/05/2024;Término de distribuição de material gráfico e passeatas;"

RES. TSE Nº 23.738/2024
Calendário Eleitoral (Eleições 2024)
https://www.tse.jus.br/legislacao/compilada/res/2024/resolucao-no-23-738-de-27-de-fevereiro-de-2024";True;False;;
10/05/2024;Escolha ou sorteio de seções para auditoria;"

RES. TSE Nº 23.738/2024
Calendário Eleitoral (Eleições 2024)
https://www.tse.jus.br/legislacao/compilada/res/2024/resolucao-no-23-738-de-27-de-fevereiro-de-2024";True;False;;
10/05/2024;Verificação de sistemas de totalização;"

RES. TSE Nº 23.738/2024
Calendário Eleitoral (Eleições 2024)
https://www.tse.jus.br/legislacao/compilada/res/2024/resolucao-no-23-738-de-27-de-fevereiro-de-2024";True;False;;
10/05/2024;Divulgação de comunicados e instruções ao eleitorado;"

RES. TSE Nº 23.738/2024
Calendário Eleitoral (Eleições 2024)
https://www.tse.jus.br/legislacao/compilada/res/2024/resolucao-no-23-738-de-27-de-fevereiro-de-2024";True;False;;
10/05/2024;Proibição de transporte de armas e munições;"

RES. TSE Nº 23.738/2024
Calendário Eleitoral (Eleições 2024)
https://www.tse.jus.br/legislacao/compilada/res/2024/resolucao-no-23-738-de-27-de-fevereiro-de-2024";True;False;;
10/05/2024;Último dia para a realização de comícios e utilização de aparelhagem de sonorização fixa;"Último dia para a realização de comícios e utilização de aparelhagem de sonorização fixa, entre as 8h e as 24h, com exceção do comício de encerramento da campanha, que poderá ser prorrogado por mais 2 horas.

RES. TSE Nº 23.738/2024
Calendário Eleitoral (Eleições 2024)
https://www.tse.jus.br/legislacao/compilada/res/2024/resolucao-no-23-738-de-27-de-fevereiro-de-2024";False;False;8:00 AM;11:59 PM
10/06/2024;Dia das Eleições (1º turno);"Data em que se realizará a votação do primeiro turno das eleições, para os cargos de prefeito, vice-prefeito e vereador, por sufrágio universal e voto direto e secreto.

RES. TSE Nº 23.738/2024
Calendário Eleitoral (Eleições 2024)
https://www.tse.jus.br/legislacao/compilada/res/2024/resolucao-no-23-738-de-27-de-fevereiro-de-2024";False;False;7:00 AM;5:00 PM
10/06/2024;Instalação da seção eleitoral;"

RES. TSE Nº 23.738/2024
Calendário Eleitoral (Eleições 2024)
https://www.tse.jus.br/legislacao/compilada/res/2024/resolucao-no-23-738-de-27-de-fevereiro-de-2024";True;False;;
10/06/2024;Início da votação;"

RES. TSE Nº 23.738/2024
Calendário Eleitoral (Eleições 2024)
https://www.tse.jus.br/legislacao/compilada/res/2024/resolucao-no-23-738-de-27-de-fevereiro-de-2024";True;False;;
10/06/2024;Encerramento da votação;"

RES. TSE Nº 23.738/2024
Calendário Eleitoral (Eleições 2024)
https://www.tse.jus.br/legislacao/compilada/res/2024/resolucao-no-23-738-de-27-de-fevereiro-de-2024";True;False;;
10/06/2024;Emissão dos boletins de urna;"

RES. TSE Nº 23.738/2024
Calendário Eleitoral (Eleições 2024)
https://www.tse.jus.br/legislacao/compilada/res/2024/resolucao-no-23-738-de-27-de-fevereiro-de-2024";True;False;;
10/06/2024;Funcionamento das Mesas Receptoras de Justificativa;"

RES. TSE Nº 23.738/2024
Calendário Eleitoral (Eleições 2024)
https://www.tse.jus.br/legislacao/compilada/res/2024/resolucao-no-23-738-de-27-de-fevereiro-de-2024";True;False;;
10/06/2024;Teste de Integridade das Urnas Eletrônicas;"

RES. TSE Nº 23.738/2024
Calendário Eleitoral (Eleições 2024)
https://www.tse.jus.br/legislacao/compilada/res/2024/resolucao-no-23-738-de-27-de-fevereiro-de-2024";True;False;;
10/06/2024;Verificação de autenticidade e integridade dos sistemas;"

RES. TSE Nº 23.738/2024
Calendário Eleitoral (Eleições 2024)
https://www.tse.jus.br/legislacao/compilada/res/2024/resolucao-no-23-738-de-27-de-fevereiro-de-2024";True;False;;
10/06/2024;Atualização de arquivos de correspondências e logs;"

RES. TSE Nº 23.738/2024
Calendário Eleitoral (Eleições 2024)
https://www.tse.jus.br/legislacao/compilada/res/2024/resolucao-no-23-738-de-27-de-fevereiro-de-2024";True;False;;
10/06/2024;Divulgação dos resultados da votação;"

RES. TSE Nº 23.738/2024
Calendário Eleitoral (Eleições 2024)
https://www.tse.jus.br/legislacao/compilada/res/2024/resolucao-no-23-738-de-27-de-fevereiro-de-2024";True;False;;
10/07/2024;Reinício de uso de alto-falantes e amplificadores de som;"

RES. TSE Nº 23.738/2024
Calendário Eleitoral (Eleições 2024)
https://www.tse.jus.br/legislacao/compilada/res/2024/resolucao-no-23-738-de-27-de-fevereiro-de-2024";True;False;;
10/07/2024;Último dia para a circulação paga ou impulsionada de propaganda eleitoral na internet;"Último dia para a circulação paga ou impulsionada de propaganda eleitoral na internet, mesmo se a contratação tiver sido realizada antes desse prazo.

RES. TSE Nº 23.738/2024
Calendário Eleitoral (Eleições 2024)
https://www.tse.jus.br/legislacao/compilada/res/2024/resolucao-no-23-738-de-27-de-fevereiro-de-2024";True;False;;
10/07/2024;Reinício de comícios e uso de sonorização fixa;"

RES. TSE Nº 23.738/2024
Calendário Eleitoral (Eleições 2024)
https://www.tse.jus.br/legislacao/compilada/res/2024/resolucao-no-23-738-de-27-de-fevereiro-de-2024";True;False;;
10/07/2024;Reinício de distribuição de material gráfico e passeatas;"

RES. TSE Nº 23.738/2024
Calendário Eleitoral (Eleições 2024)
https://www.tse.jus.br/legislacao/compilada/res/2024/resolucao-no-23-738-de-27-de-fevereiro-de-2024";True;False;;
10/07/2024;Reinício de divulgação paga de propaganda na imprensa escrita;"

RES. TSE Nº 23.738/2024
Calendário Eleitoral (Eleições 2024)
https://www.tse.jus.br/legislacao/compilada/res/2024/resolucao-no-23-738-de-27-de-fevereiro-de-2024";True;False;;
10/07/2024;Reinício de circulação paga de propaganda eleitoral na internet;"

RES. TSE Nº 23.738/2024
Calendário Eleitoral (Eleições 2024)
https://www.tse.jus.br/legislacao/compilada/res/2024/resolucao-no-23-738-de-27-de-fevereiro-de-2024";True;False;;
10/07/2024;Requerimento de veiculação de propaganda em rede;"

RES. TSE Nº 23.738/2024
Calendário Eleitoral (Eleições 2024)
https://www.tse.jus.br/legislacao/compilada/res/2024/resolucao-no-23-738-de-27-de-fevereiro-de-2024";True;False;;
10/07/2024;Informação de locais para auditorias de urnas;"

RES. TSE Nº 23.738/2024
Calendário Eleitoral (Eleições 2024)
https://www.tse.jus.br/legislacao/compilada/res/2024/resolucao-no-23-738-de-27-de-fevereiro-de-2024";True;False;;
10/07/2024;Comunicação sobre escolha ou sorteio de seções para auditoria;"

RES. TSE Nº 23.738/2024
Calendário Eleitoral (Eleições 2024)
https://www.tse.jus.br/legislacao/compilada/res/2024/resolucao-no-23-738-de-27-de-fevereiro-de-2024";True;False;;
10/07/2024;Solicitação de arquivos de log e dados para auditoria;"

RES. TSE Nº 23.738/2024
Calendário Eleitoral (Eleições 2024)
https://www.tse.jus.br/legislacao/compilada/res/2024/resolucao-no-23-738-de-27-de-fevereiro-de-2024";True;False;;
10/07/2024;Proibição de transporte de armas e munições;"

RES. TSE Nº 23.738/2024
Calendário Eleitoral (Eleições 2024)
https://www.tse.jus.br/legislacao/compilada/res/2024/resolucao-no-23-738-de-27-de-fevereiro-de-2024";True;False;;
10/08/2024;Último dia da validade de salvo-conduto expedido por juíza ou juiz eleitoral;"Último dia da validade de salvo-conduto expedido por juíza ou juiz eleitoral ou presidente da Mesa Receptora em favor de eleitora ou eleitor que sofreu violência moral ou física na sua liberdade de votar ou pelo fato de haver votado.

RES. TSE Nº 23.738/2024
Calendário Eleitoral (Eleições 2024)
https://www.tse.jus.br/legislacao/compilada/res/2024/resolucao-no-23-738-de-27-de-fevereiro-de-2024";True;False;;
10/08/2024;Término do período de proibição de detenção de eleitores;"

RES. TSE Nº 23.738/2024
Calendário Eleitoral (Eleições 2024)
https://www.tse.jus.br/legislacao/compilada/res/2024/resolucao-no-23-738-de-27-de-fevereiro-de-2024";True;False;;
10/09/2024;Último dia para a mesária ou o mesário que abandonou os trabalhos durante a votação apresentar justificativa ao juízo eleitoral;"Último dia para a mesária ou o mesário que abandonou os trabalhos durante a votação apresentar justificativa ao juízo eleitoral.

RES. TSE Nº 23.738/2024
Calendário Eleitoral (Eleições 2024)
https://www.tse.jus.br/legislacao/compilada/res/2024/resolucao-no-23-738-de-27-de-fevereiro-de-2024";True;False;;
10/11/2024;Último dia para a divulgação da propaganda eleitoral gratuita no rádio e na televisão relativa ao segundo turno;"Último dia para a divulgação da propaganda eleitoral gratuita no rádio e na televisão relativa ao segundo turno.

RES. TSE Nº 23.738/2024
Calendário Eleitoral (Eleições 2024)
https://www.tse.jus.br/legislacao/compilada/res/2024/resolucao-no-23-738-de-27-de-fevereiro-de-2024";True;False;;
10/11/2024;Envio de relatório conclusivo de auditoria;"

RES. TSE Nº 23.738/2024
Calendário Eleitoral (Eleições 2024)
https://www.tse.jus.br/legislacao/compilada/res/2024/resolucao-no-23-738-de-27-de-fevereiro-de-2024";True;False;;
10/12/2024;Último dia para a realização de comícios e utilização de aparelhagem de sonorização fixa;"Último dia para a realização de comícios e utilização de aparelhagem de sonorização fixa, entre as 8h e as 24h, com exceção do comício de encerramento da campanha, que poderá ser prorrogado por mais 2 horas.

RES. TSE Nº 23.738/2024
Calendário Eleitoral (Eleições 2024)
https://www.tse.jus.br/legislacao/compilada/res/2024/resolucao-no-23-738-de-27-de-fevereiro-de-2024";False;False;8:00 AM;11:59 PM
10/12/2024;Proibição de detenção de candidatos;"

RES. TSE Nº 23.738/2024
Calendário Eleitoral (Eleições 2024)
https://www.tse.jus.br/legislacao/compilada/res/2024/resolucao-no-23-738-de-27-de-fevereiro-de-2024";True;False;;
10/13/2024;Último dia para a circulação paga ou impulsionada de propaganda eleitoral na internet;"Último dia para a circulação paga ou impulsionada de propaganda eleitoral na internet, mesmo se a contratação tiver sido realizada antes desse prazo.

RES. TSE Nº 23.738/2024
Calendário Eleitoral (Eleições 2024)
https://www.tse.jus.br/legislacao/compilada/res/2024/resolucao-no-23-738-de-27-de-fevereiro-de-2024";True;False;;
10/14/2024;Data-limite para reinício da emissão de certidão de quitação pela internet, pelo Sistema Elo e pelo e-Título;"Data-limite para reinício da emissão de certidão de quitação pela internet, pelo Sistema Elo e pelo e-Título.

RES. TSE Nº 23.738/2024
Calendário Eleitoral (Eleições 2024)
https://www.tse.jus.br/legislacao/compilada/res/2024/resolucao-no-23-738-de-27-de-fevereiro-de-2024";True;False;;
10/15/2024;Último dia para a Secretaria da Receita Federal do Brasil e as secretarias estaduais e municipais de Fazenda encaminharem ao Tribunal Superior Eleitoral arquivo eletrônico com as notas fiscais eletrônicas;"Último dia para a Secretaria da Receita Federal do Brasil e as secretarias estaduais e municipais de Fazenda encaminharem ao Tribunal Superior Eleitoral, pela internet, arquivo eletrônico com as notas fiscais eletrônicas relativas ao fornecimento de bens e serviços para campanha eleitoral emitidas desde o prazo final para o registro de candidatura até o dia da eleição.

RES. TSE Nº 23.738/2024
Calendário Eleitoral (Eleições 2024)
https://www.tse.jus.br/legislacao/compilada/res/2024/resolucao-no-23-738-de-27-de-fevereiro-de-2024";True;False;;
10/15/2024;Envio de identificação de permissionários de serviço público;"

RES. TSE Nº 23.738/2024
Calendário Eleitoral (Eleições 2024)
https://www.tse.jus.br/legislacao/compilada/res/2024/resolucao-no-23-738-de-27-de-fevereiro-de-2024";True;False;;
10/17/2024;Data-limite para a definição dos locais onde serão realizados os Testes de Integridade com Biometria, para o segundo turno;"Data-limite para a definição, pela Comissão de Auditoria da Votação Eletrônica, dos locais onde serão realizados os Testes de Integridade com Biometria, para o segundo turno.

RES. TSE Nº 23.738/2024
Calendário Eleitoral (Eleições 2024)
https://www.tse.jus.br/legislacao/compilada/res/2024/resolucao-no-23-738-de-27-de-fevereiro-de-2024";True;False;;
10/19/2024;Data até a qual os dados de resultados relativos ao primeiro turno estarão disponíveis em centro de dados provido pelo Tribunal Superior Eleitoral;"Data até a qual os dados de resultados relativos ao primeiro turno estarão disponíveis em centro de dados provido pelo Tribunal Superior Eleitoral.

RES. TSE Nº 23.738/2024
Calendário Eleitoral (Eleições 2024)
https://www.tse.jus.br/legislacao/compilada/res/2024/resolucao-no-23-738-de-27-de-fevereiro-de-2024";True;False;;
10/21/2024;Último dia para o registro, no Sistema de Registro de Pesquisas Eleitorais (PesqEle), das pesquisas de opinião pública realizadas antes do segundo turno;"Último dia para o registro, no Sistema de Registro de Pesquisas Eleitorais (PesqEle), das pesquisas de opinião pública realizadas em data anterior ao dia do segundo turno, para conhecimento público, relativas ao pleito ou às respectivas candidatas e candidatos, que se pretenda divulgar no dia das eleições.

RES. TSE Nº 23.738/2024
Calendário Eleitoral (Eleições 2024)
https://www.tse.jus.br/legislacao/compilada/res/2024/resolucao-no-23-738-de-27-de-fevereiro-de-2024";True;False;;
10/22/2024;Último dia para a juíza ou o juiz eleitoral designar horário e local para a verificação da integridade e autenticidade dos sistemas Transportador e JE-Connect, no segundo turno;"Último dia para a juíza ou o juiz eleitoral designar horário e local para a verificação da integridade e autenticidade dos sistemas Transportador e JE-Connect instalados nos microcomputadores, no segundo turno.

RES. TSE Nº 23.738/2024
Calendário Eleitoral (Eleições 2024)
https://www.tse.jus.br/legislacao/compilada/res/2024/resolucao-no-23-738-de-27-de-fevereiro-de-2024";True;False;;
10/22/2024;Designação de horário e local para verificação de sistemas (2º turno);"

RES. TSE Nº 23.738/2024
Calendário Eleitoral (Eleições 2024)
https://www.tse.jus.br/legislacao/compilada/res/2024/resolucao-no-23-738-de-27-de-fevereiro-de-2024";True;False;;
10/24/2024;Último dia para a realização de comícios e utilização de aparelhagem de sonorização fixa;"Último dia para a realização de comícios e utilização de aparelhagem de sonorização fixa, entre as 8h e as 24h, com exceção do comício de encerramento da campanha, que poderá ser prorrogado por mais 2 horas.

RES. TSE Nº 23.738/2024
Calendário Eleitoral (Eleições 2024)
https://www.tse.jus.br/legislacao/compilada/res/2024/resolucao-no-23-738-de-27-de-fevereiro-de-2024";False;False;8:00 AM;11:59 PM
10/24/2024;Término de debates no rádio e TV (2º turno);"

RES. TSE Nº 23.738/2024
Calendário Eleitoral (Eleições 2024)
https://www.tse.jus.br/legislacao/compilada/res/2024/resolucao-no-23-738-de-27-de-fevereiro-de-2024";True;False;;
10/24/2024;Expedição de salvo-conduto para eleitores (2º turno);"

RES. TSE Nº 23.738/2024
Calendário Eleitoral (Eleições 2024)
https://www.tse.jus.br/legislacao/compilada/res/2024/resolucao-no-23-738-de-27-de-fevereiro-de-2024";True;False;;
10/24/2024;Término de circulação paga de propaganda eleitoral na internet (2º turno);"

RES. TSE Nº 23.738/2024
Calendário Eleitoral (Eleições 2024)
https://www.tse.jus.br/legislacao/compilada/res/2024/resolucao-no-23-738-de-27-de-fevereiro-de-2024";True;False;;
10/25/2024;Último dia para a divulgação da propaganda eleitoral gratuita no rádio e na televisão relativa ao segundo turno;"Último dia para a divulgação da propaganda eleitoral gratuita no rádio e na televisão relativa ao segundo turno.

RES. TSE Nº 23.738/2024
Calendário Eleitoral (Eleições 2024)
https://www.tse.jus.br/legislacao/compilada/res/2024/resolucao-no-23-738-de-27-de-fevereiro-de-2024";True;False;;
10/25/2024;Término de divulgação paga de propaganda na imprensa escrita (2º turno);"

RES. TSE Nº 23.738/2024
Calendário Eleitoral (Eleições 2024)
https://www.tse.jus.br/legislacao/compilada/res/2024/resolucao-no-23-738-de-27-de-fevereiro-de-2024";True;False;;
10/25/2024;Audiência para verificação de sistemas (2º turno);"

RES. TSE Nº 23.738/2024
Calendário Eleitoral (Eleições 2024)
https://www.tse.jus.br/legislacao/compilada/res/2024/resolucao-no-23-738-de-27-de-fevereiro-de-2024";True;False;;
10/25/2024;Comunicação de nomes de fiscais e delegados (2º turno);"

RES. TSE Nº 23.738/2024
Calendário Eleitoral (Eleições 2024)
https://www.tse.jus.br/legislacao/compilada/res/2024/resolucao-no-23-738-de-27-de-fevereiro-de-2024";True;False;;
10/26/2024;Último dia para a realização de debate no rádio e na televisão, não podendo ultrapassar o horário de 24h;"Último dia para a realização de debate no rádio e na televisão, não podendo ultrapassar o horário de 24h.

RES. TSE Nº 23.738/2024
Calendário Eleitoral (Eleições 2024)
https://www.tse.jus.br/legislacao/compilada/res/2024/resolucao-no-23-738-de-27-de-fevereiro-de-2024";True;False;;
10/26/2024;Término de distribuição de material gráfico e passeatas (2º turno);"

RES. TSE Nº 23.738/2024
Calendário Eleitoral (Eleições 2024)
https://www.tse.jus.br/legislacao/compilada/res/2024/resolucao-no-23-738-de-27-de-fevereiro-de-2024";True;False;;
10/26/2024;Escolha ou sorteio de seções para auditoria (2º turno);"

RES. TSE Nº 23.738/2024
Calendário Eleitoral (Eleições 2024)
https://www.tse.jus.br/legislacao/compilada/res/2024/resolucao-no-23-738-de-27-de-fevereiro-de-2024";True;False;;
10/26/2024;Verificação de sistemas de totalização (2º turno);"

RES. TSE Nº 23.738/2024
Calendário Eleitoral (Eleições 2024)
https://www.tse.jus.br/legislacao/compilada/res/2024/resolucao-no-23-738-de-27-de-fevereiro-de-2024";True;False;;
10/26/2024;Divulgação de comunicados e instruções ao eleitorado (2º turno);"

RES. TSE Nº 23.738/2024
Calendário Eleitoral (Eleições 2024)
https://www.tse.jus.br/legislacao/compilada/res/2024/resolucao-no-23-738-de-27-de-fevereiro-de-2024";True;False;;
10/26/2024;Proibição de transporte de armas e munições (2º turno);"

RES. TSE Nº 23.738/2024
Calendário Eleitoral (Eleições 2024)
https://www.tse.jus.br/legislacao/compilada/res/2024/resolucao-no-23-738-de-27-de-fevereiro-de-2024";True;False;;
10/27/2024;Dia das Eleições (2º turno);"Data em que se realizará a votação do segundo turno das eleições, para os cargos de prefeito, vice-prefeito, onde houver, por sufrágio universal e voto direto e secreto.

RES. TSE Nº 23.738/2024
Calendário Eleitoral (Eleições 2024)
https://www.tse.jus.br/legislacao/compilada/res/2024/resolucao-no-23-738-de-27-de-fevereiro-de-2024";False;False;7:00 AM;5:00 PM
10/27/2024;Instalação da seção eleitoral (2º turno);"

RES. TSE Nº 23.738/2024
Calendário Eleitoral (Eleições 2024)
https://www.tse.jus.br/legislacao/compilada/res/2024/resolucao-no-23-738-de-27-de-fevereiro-de-2024";True;False;;
10/27/2024;Início da votação (2º turno);"

RES. TSE Nº 23.738/2024
Calendário Eleitoral (Eleições 2024)
https://www.tse.jus.br/legislacao/compilada/res/2024/resolucao-no-23-738-de-27-de-fevereiro-de-2024";True;False;;
10/27/2024;Encerramento da votação (2º turno);"

RES. TSE Nº 23.738/2024
Calendário Eleitoral (Eleições 2024)
https://www.tse.jus.br/legislacao/compilada/res/2024/resolucao-no-23-738-de-27-de-fevereiro-de-2024";True;False;;
10/27/2024;Emissão dos boletins de urna (2º turno);"

RES. TSE Nº 23.738/2024
Calendário Eleitoral (Eleições 2024)
https://www.tse.jus.br/legislacao/compilada/res/2024/resolucao-no-23-738-de-27-de-fevereiro-de-2024";True;False;;
10/27/2024;Funcionamento das Mesas Receptoras de Justificativa (2º turno);"

RES. TSE Nº 23.738/2024
Calendário Eleitoral (Eleições 2024)
https://www.tse.jus.br/legislacao/compilada/res/2024/resolucao-no-23-738-de-27-de-fevereiro-de-2024";True;False;;
10/27/2024;Teste de Integridade das Urnas Eletrônicas (2º turno);"

RES. TSE Nº 23.738/2024
Calendário Eleitoral (Eleições 2024)
https://www.tse.jus.br/legislacao/compilada/res/2024/resolucao-no-23-738-de-27-de-fevereiro-de-2024";True;False;;
10/27/2024;Verificação de autenticidade e integridade dos sistemas (2º turno);"

RES. TSE Nº 23.738/2024
Calendário Eleitoral (Eleições 2024)
https://www.tse.jus.br/legislacao/compilada/res/2024/resolucao-no-23-738-de-27-de-fevereiro-de-2024";True;False;;
10/27/2024;Atualização de arquivos de correspondências e logs (2º turno);"

RES. TSE Nº 23.738/2024
Calendário Eleitoral (Eleições 2024)
https://www.tse.jus.br/legislacao/compilada/res/2024/resolucao-no-23-738-de-27-de-fevereiro-de-2024";True;False;;
10/27/2024;Divulgação dos resultados da votação (2º turno);"

RES. TSE Nº 23.738/2024
Calendário Eleitoral (Eleições 2024)
https://www.tse.jus.br/legislacao/compilada/res/2024/resolucao-no-23-738-de-27-de-fevereiro-de-2024";True;False;;
10/28/2024;Último dia para a mesária ou o mesário que abandonou os trabalhos durante a votação no segundo turno apresentar justificativa ao juízo eleitoral;"Último dia para a mesária ou o mesário que abandonou os trabalhos durante a votação no segundo turno apresentar justificativa ao juízo eleitoral.

RES. TSE Nº 23.738/2024
Calendário Eleitoral (Eleições 2024)
https://www.tse.jus.br/legislacao/compilada/res/2024/resolucao-no-23-738-de-27-de-fevereiro-de-2024";True;False;;
10/28/2024;Proibição de transporte de armas e munições (2º turno);"

RES. TSE Nº 23.738/2024
Calendário Eleitoral (Eleições 2024)
https://www.tse.jus.br/legislacao/compilada/res/2024/resolucao-no-23-738-de-27-de-fevereiro-de-2024";True;False;;
10/28/2024;Suspensão de fornecimento de certidão de quitação eleitoral;"

RES. TSE Nº 23.738/2024
Calendário Eleitoral (Eleições 2024)
https://www.tse.jus.br/legislacao/compilada/res/2024/resolucao-no-23-738-de-27-de-fevereiro-de-2024";True;False;;
10/28/2024;Publicação de relatórios finais de pesquisas eleitorais;"

RES. TSE Nº 23.738/2024
Calendário Eleitoral (Eleições 2024)
https://www.tse.jus.br/legislacao/compilada/res/2024/resolucao-no-23-738-de-27-de-fevereiro-de-2024";True;False;;
10/29/2024;Último dia da validade de salvo-conduto expedido por juíza ou juiz eleitoral;"Último dia da validade de salvo-conduto expedido por juíza ou juiz eleitoral ou presidente da Mesa Receptora em favor de eleitora ou eleitor que sofreu violência moral ou física na sua liberdade de votar ou pelo fato de haver votado.

RES. TSE Nº 23.738/2024
Calendário Eleitoral (Eleições 2024)
https://www.tse.jus.br/legislacao/compilada/res/2024/resolucao-no-23-738-de-27-de-fevereiro-de-2024";True;False;;
10/29/2024;Término do período de proibição de detenção de eleitores (2º turno);"

RES. TSE Nº 23.738/2024
Calendário Eleitoral (Eleições 2024)
https://www.tse.jus.br/legislacao/compilada/res/2024/resolucao-no-23-738-de-27-de-fevereiro-de-2024";True;False;;
10/30/2024;Último dia para a mesária ou o mesário que abandonou os trabalhos durante a votação no segundo turno apresentar justificativa ao juízo eleitoral;"Último dia para a mesária ou o mesário que abandonou os trabalhos durante a votação no segundo turno apresentar justificativa ao juízo eleitoral.

RES. TSE Nº 23.738/2024
Calendário Eleitoral (Eleições 2024)
https://www.tse.jus.br/legislacao/compilada/res/2024/resolucao-no-23-738-de-27-de-fevereiro-de-2024";True;False;;
11/01/2024;Último dia para a instituição conveniada ou a empresa de auditoria encaminhar ao Tribunal Superior Eleitoral relatório conclusivo da fiscalização realizada na auditoria de funcionamento das urnas eletrônicas, relativa ao segundo turno;"Último dia para a instituição conveniada ou a empresa de auditoria encaminhar ao Tribunal Superior Eleitoral relatório conclusivo da fiscalização realizada na auditoria de funcionamento das urnas eletrônicas, relativa ao segundo turno.

RES. TSE Nº 23.738/2024
Calendário Eleitoral (Eleições 2024)
https://www.tse.jus.br/legislacao/compilada/res/2024/resolucao-no-23-738-de-27-de-fevereiro-de-2024";True;False;;
11/01/2024;Término de prioridade para processos eleitorais;"

RES. TSE Nº 23.738/2024
Calendário Eleitoral (Eleições 2024)
https://www.tse.jus.br/legislacao/compilada/res/2024/resolucao-no-23-738-de-27-de-fevereiro-de-2024";True;False;;
11/01/2024;Término de auxílio de órgãos públicos na apuração de delitos eleitorais;"

RES. TSE Nº 23.738/2024
Calendário Eleitoral (Eleições 2024)
https://www.tse.jus.br/legislacao/compilada/res/2024/resolucao-no-23-738-de-27-de-fevereiro-de-2024";True;False;;
11/05/2024;Último dia para as candidatas, os candidatos e os partidos políticos encaminharem à Justiça Eleitoral, via SPCE, as prestações de contas referentes ao primeiro turno;"Último dia para as candidatas, os candidatos e os partidos políticos encaminharem à Justiça Eleitoral, via SPCE, as prestações de contas referentes ao primeiro turno.

RES. TSE Nº 23.738/2024
Calendário Eleitoral (Eleições 2024)
https://www.tse.jus.br/legislacao/compilada/res/2024/resolucao-no-23-738-de-27-de-fevereiro-de-2024";True;False;;
11/05/2024;Transferência de sobras de campanha;"

RES. TSE Nº 23.738/2024
Calendário Eleitoral (Eleições 2024)
https://www.tse.jus.br/legislacao/compilada/res/2024/resolucao-no-23-738-de-27-de-fevereiro-de-2024";True;False;;
11/05/2024;Transferência de valores não utilizados do FEFC;"

RES. TSE Nº 23.738/2024
Calendário Eleitoral (Eleições 2024)
https://www.tse.jus.br/legislacao/compilada/res/2024/resolucao-no-23-738-de-27-de-fevereiro-de-2024";True;False;;
11/05/2024;Remoção de propagandas do primeiro turno;"

RES. TSE Nº 23.738/2024
Calendário Eleitoral (Eleições 2024)
https://www.tse.jus.br/legislacao/compilada/res/2024/resolucao-no-23-738-de-27-de-fevereiro-de-2024";True;False;;
11/05/2024;Justificativa de mesários que não compareceram;"

RES. TSE Nº 23.738/2024
Calendário Eleitoral (Eleições 2024)
https://www.tse.jus.br/legislacao/compilada/res/2024/resolucao-no-23-738-de-27-de-fevereiro-de-2024";True;False;;
11/05/2024;Reinício da emissão de certidão de quitação eleitoral;"

RES. TSE Nº 23.738/2024
Calendário Eleitoral (Eleições 2024)
https://www.tse.jus.br/legislacao/compilada/res/2024/resolucao-no-23-738-de-27-de-fevereiro-de-2024";True;False;;
11/05/2024;Reinício do atendimento nas unidades da Justiça Eleitoral;"

RES. TSE Nº 23.738/2024
Calendário Eleitoral (Eleições 2024)
https://www.tse.jus.br/legislacao/compilada/res/2024/resolucao-no-23-738-de-27-de-fevereiro-de-2024";True;False;;
11/05/2024;Reativação do serviço de pré-atendimento;"

RES. TSE Nº 23.738/2024
Calendário Eleitoral (Eleições 2024)
https://www.tse.jus.br/legislacao/compilada/res/2024/resolucao-no-23-738-de-27-de-fevereiro-de-2024";True;False;;
11/08/2024;Último dia para a Justiça Eleitoral identificar as candidatas, os candidatos e os partidos políticos que se omitiram a prestar as contas referentes ao primeiro turno;"Último dia para a Justiça Eleitoral identificar as candidatas, os candidatos e os partidos políticos que se omitiram a prestar as contas referentes ao primeiro turno.

RES. TSE Nº 23.738/2024
Calendário Eleitoral (Eleições 2024)
https://www.tse.jus.br/legislacao/compilada/res/2024/resolucao-no-23-738-de-27-de-fevereiro-de-2024";True;False;;
11/08/2024;Término da disponibilidade de dados de resultados (2º turno);"

RES. TSE Nº 23.738/2024
Calendário Eleitoral (Eleições 2024)
https://www.tse.jus.br/legislacao/compilada/res/2024/resolucao-no-23-738-de-27-de-fevereiro-de-2024";True;False;;
11/10/2024;Último dia para a Secretaria da Receita Federal do Brasil e as secretarias estaduais e municipais de Fazenda encaminharem ao Tribunal Superior Eleitoral arquivo eletrônico complementar;"Último dia para a Secretaria da Receita Federal do Brasil e as secretarias estaduais e municipais de Fazenda encaminharem ao Tribunal Superior Eleitoral, pela internet, arquivo eletrônico complementar, contendo as notas fiscais eletrônicas relativas ao fornecimento de bens e serviços para campanha eleitoral emitidas de 7 a 31 de outubro de 2024.

RES. TSE Nº 23.738/2024
Calendário Eleitoral (Eleições 2024)
https://www.tse.jus.br/legislacao/compilada/res/2024/resolucao-no-23-738-de-27-de-fevereiro-de-2024";True;False;;
11/10/2024;Envio de identificação de permissionários de serviço público complementar;"

RES. TSE Nº 23.738/2024
Calendário Eleitoral (Eleições 2024)
https://www.tse.jus.br/legislacao/compilada/res/2024/resolucao-no-23-738-de-27-de-fevereiro-de-2024";True;False;;
11/11/2024;Data a partir da qual, nos Municípios em que tenha havido votação em segundo turno, o funcionamento dos cartórios eleitorais observará o disposto em regulamentação de cada tribunal eleitoral;"Data a partir da qual, nos Municípios em que tenha havido votação em segundo turno, o funcionamento dos cartórios eleitorais, inclusive dos responsáveis pela análise das prestações de contas, observará o disposto em regulamentação de cada tribunal eleitoral respectivo, à qual se dará ampla publicidade.

RES. TSE Nº 23.738/2024
Calendário Eleitoral (Eleições 2024)
https://www.tse.jus.br/legislacao/compilada/res/2024/resolucao-no-23-738-de-27-de-fevereiro-de-2024";True;False;;
11/11/2024;Término de publicação de decisões em representações;"

RES. TSE Nº 23.738/2024
Calendário Eleitoral (Eleições 2024)
https://www.tse.jus.br/legislacao/compilada/res/2024/resolucao-no-23-738-de-27-de-fevereiro-de-2024";True;False;;
11/16/2024;Último dia para as candidatas e os candidatos que concorreram no segundo turno das eleições e os partidos políticos encaminharem à Justiça Eleitoral, pelo Sistema de Prestação de Contas Eleitorais (SPCE), as prestações de contas referentes aos dois turnos;"Último dia para as candidatas e os candidatos que concorreram no segundo turno das eleições e os partidos políticos encaminharem à Justiça Eleitoral, pelo Sistema de Prestação de Contas Eleitorais (SPCE), as prestações de contas referentes aos dois turnos, incluindo todos os órgãos partidários que efetuaram doações ou gastos com candidaturas do segundo turno, ainda que não concorrentes.

RES. TSE Nº 23.738/2024
Calendário Eleitoral (Eleições 2024)
https://www.tse.jus.br/legislacao/compilada/res/2024/resolucao-no-23-738-de-27-de-fevereiro-de-2024";True;False;;
11/16/2024;Transferência de sobras de campanha (2º turno);"

RES. TSE Nº 23.738/2024
Calendário Eleitoral (Eleições 2024)
https://www.tse.jus.br/legislacao/compilada/res/2024/resolucao-no-23-738-de-27-de-fevereiro-de-2024";True;False;;
11/16/2024;Transferência de valores não utilizados do FEFC (2º turno);"

RES. TSE Nº 23.738/2024
Calendário Eleitoral (Eleições 2024)
https://www.tse.jus.br/legislacao/compilada/res/2024/resolucao-no-23-738-de-27-de-fevereiro-de-2024";True;False;;
11/19/2024;Último dia para a Justiça Eleitoral identificar as candidatas, os candidatos e os partidos políticos que se omitiram a prestar as contas referentes ao segundo turno;"Último dia para a Justiça Eleitoral identificar as candidatas, os candidatos e os partidos políticos que se omitiram a prestar as contas referentes ao segundo turno.

RES. TSE Nº 23.738/2024
Calendário Eleitoral (Eleições 2024)
https://www.tse.jus.br/legislacao/compilada/res/2024/resolucao-no-23-738-de-27-de-fevereiro-de-2024";True;False;;
11/26/2024;Último dia para as candidatas, os candidatos, os partidos políticos, as federações e as coligações removerem as propagandas relativas ao segundo turno das eleições e promoverem a restauração do bem em que afixada;"Último dia para as candidatas, os candidatos, os partidos políticos, as federações e as coligações removerem as propagandas relativas ao segundo turno das eleições e promoverem a restauração do bem em que afixada, se for o caso.

RES. TSE Nº 23.738/2024
Calendário Eleitoral (Eleições 2024)
https://www.tse.jus.br/legislacao/compilada/res/2024/resolucao-no-23-738-de-27-de-fevereiro-de-2024";True;False;;
11/26/2024;Justificativa de mesários que não compareceram (2º turno);"

RES. TSE Nº 23.738/2024
Calendário Eleitoral (Eleições 2024)
https://www.tse.jus.br/legislacao/compilada/res/2024/resolucao-no-23-738-de-27-de-fevereiro-de-2024";True;False;;
12/05/2024;Último dia para a eleitora ou o eleitor que deixou de votar no primeiro turno e que não justificou a falta no dia da eleição apresentar justificativa ao juízo eleitoral;"Último dia para a eleitora ou o eleitor que deixou de votar no primeiro turno e que não justificou a falta no dia da eleição apresentar, em qualquer cartório eleitoral, pelo aplicativo e-Título ou pelo serviço disponível no sítio eletrônico do TSE e dos TREs, justificativa fundamentada ao juízo eleitoral.

RES. TSE Nº 23.738/2024
Calendário Eleitoral (Eleições 2024)
https://www.tse.jus.br/legislacao/compilada/res/2024/resolucao-no-23-738-de-27-de-fevereiro-de-2024";True;False;;
12/11/2024;Último dia para o juízo eleitoral responsável pela recepção dos requerimentos de justificativa não registrados na urna no primeiro e no segundo turnos lançar as informações no Cadastro Eleitoral;"Último dia para o juízo eleitoral responsável pela recepção dos requerimentos de justificativa não registrados na urna no primeiro e no segundo turnos lançar as informações no Cadastro Eleitoral.

RES. TSE Nº 23.738/2024
Calendário Eleitoral (Eleições 2024)
https://www.tse.jus.br/legislacao/compilada/res/2024/resolucao-no-23-738-de-27-de-fevereiro-de-2024";True;False;;
12/16/2024;Data até a qual, observada a antecedência de 3 dias em relação à data da diplomação, deverão estar publicadas as decisões que julgarem as contas das candidatas e dos candidatos eleitas(os);"Data até a qual, observada a antecedência de 3 dias em relação à data da diplomação, deverão estar publicadas as decisões que julgarem as contas das candidatas e dos candidatos eleitas(os).

RES. TSE Nº 23.738/2024
Calendário Eleitoral (Eleições 2024)
https://www.tse.jus.br/legislacao/compilada/res/2024/resolucao-no-23-738-de-27-de-fevereiro-de-2024";True;False;;
12/19/2024;Último dia para a diplomação das eleitas e dos eleitos;"Último dia para a diplomação das eleitas e dos eleitos.

RES. TSE Nº 23.738/2024
Calendário Eleitoral (Eleições 2024)
https://www.tse.jus.br/legislacao/compilada/res/2024/resolucao-no-23-738-de-27-de-fevereiro-de-2024";True;False;;
12/19/2024;Término de abertura de cartórios eleitorais aos sábados, domingos e feriados;"

RES. TSE Nº 23.738/2024
Calendário Eleitoral (Eleições 2024)
https://www.tse.jus.br/legislacao/compilada/res/2024/resolucao-no-23-738-de-27-de-fevereiro-de-2024";True;False;;
12/19/2024;Término de atuação de juízes auxiliares;"

RES. TSE Nº 23.738/2024
Calendário Eleitoral (Eleições 2024)
https://www.tse.jus.br/legislacao/compilada/res/2024/resolucao-no-23-738-de-27-de-fevereiro-de-2024";True;False;;
12/19/2024;Término de contagem contínua de prazos processuais;"

RES. TSE Nº 23.738/2024
Calendário Eleitoral (Eleições 2024)
https://www.tse.jus.br/legislacao/compilada/res/2024/resolucao-no-23-738-de-27-de-fevereiro-de-2024";True;False;;
12/19/2024;Término de uso de mural eletrônico e mensagens eletrônicas;"

RES. TSE Nº 23.738/2024
Calendário Eleitoral (Eleições 2024)
https://www.tse.jus.br/legislacao/compilada/res/2024/resolucao-no-23-738-de-27-de-fevereiro-de-2024";True;False;;
12/19/2024;Término de intimação eletrônica do Ministério Público;"

RES. TSE Nº 23.738/2024
Calendário Eleitoral (Eleições 2024)
https://www.tse.jus.br/legislacao/compilada/res/2024/resolucao-no-23-738-de-27-de-fevereiro-de-2024";True;False;;
12/19/2024;Término de publicação de acórdãos em sessão de julgamento;"

RES. TSE Nº 23.738/2024
Calendário Eleitoral (Eleições 2024)
https://www.tse.jus.br/legislacao/compilada/res/2024/resolucao-no-23-738-de-27-de-fevereiro-de-2024";True;False;;
12/31/2024;Data-limite para o Ministério Público Eleitoral ajuizar representação pleiteando a aplicação da penalidade prevista no art. 23 da Lei nº 9.504/1997;"Data-limite para o Ministério Público Eleitoral ajuizar representação pleiteando a aplicação da penalidade prevista no art. 23 da Lei nº 9.504/1997, e de outras sanções cabíveis nos casos de doação acima do limite legal nas eleições de 2024, quanto ao que foi apurado relativamente ao exercício de 2023.

RES. TSE Nº 23.738/2024
Calendário Eleitoral (Eleições 2024)
https://www.tse.jus.br/legislacao/compilada/res/2024/resolucao-no-23-738-de-27-de-fevereiro-de-2024";True;False;;
12/31/2024;Encerramento de contas bancárias de campanha;"

RES. TSE Nº 23.738/2024
Calendário Eleitoral (Eleições 2024)
https://www.tse.jus.br/legislacao/compilada/res/2024/resolucao-no-23-738-de-27-de-fevereiro-de-2024";True;False;;
12/31/2024;Cancelamento de inscrições de candidatos na Receita Federal;"

RES. TSE Nº 23.738/2024
Calendário Eleitoral (Eleições 2024)
https://www.tse.jus.br/legislacao/compilada/res/2024/resolucao-no-23-738-de-27-de-fevereiro-de-2024";True;False;;
01/06/2025;Último dia, nas unidades da Federação que realizaram apenas o primeiro turno das eleições, para a cessão de funcionárias e funcionários à Justiça Eleitoral;"Último dia, nas unidades da Federação que realizaram apenas o primeiro turno das eleições, para a cessão de funcionárias e funcionários à Justiça Eleitoral, pelos órgãos e entidades da Administração Pública direta e indireta.

RES. TSE Nº 23.738/2024
Calendário Eleitoral (Eleições 2024)
https://www.tse.jus.br/legislacao/compilada/res/2024/resolucao-no-23-738-de-27-de-fevereiro-de-2024";True;False;;
01/07/2025;Último dia para a eleitora ou o eleitor que não tenha votado no segundo turno e que não justificou a falta no dia da eleição apresentar justificativa ao juízo eleitoral;"Último dia para a eleitora ou o eleitor que não tenha votado no segundo turno e que não justificou a falta no dia da eleição apresentar, em cartório eleitoral, pelo aplicativo e-Título ou pelo serviço disponível no sítio eletrônico do TSE e dos TREs, justificativa ao juízo eleitoral.

RES. TSE Nº 23.738/2024
Calendário Eleitoral (Eleições 2024)
https://www.tse.jus.br/legislacao/compilada/res/2024/resolucao-no-23-738-de-27-de-fevereiro-de-2024";True;False;;
01/09/2025;Último dia para as entidades fiscalizadoras solicitarem verificação dos sistemas eleitorais após o pleito;"Último dia para as entidades fiscalizadoras solicitarem verificação dos sistemas eleitorais após o pleito, desde que relatados fatos e apresentados indícios e circunstâncias que a justifiquem.

RES. TSE Nº 23.738/2024
Calendário Eleitoral (Eleições 2024)
https://www.tse.jus.br/legislacao/compilada/res/2024/resolucao-no-23-738-de-27-de-fevereiro-de-2024";True;False;;
01/14/2025;Data até a qual os meios de armazenamento de dados utilizados pelos sistemas eleitorais e as cópias de segurança dos dados serão identificados e mantidos em condições apropriadas;"Data até a qual os meios de armazenamento de dados utilizados pelos sistemas eleitorais e as cópias de segurança dos dados, inclusive os utilizados nas auditorias e testes de integridade, serão identificados e mantidos em condições apropriadas.

RES. TSE Nº 23.738/2024
Calendário Eleitoral (Eleições 2024)
https://www.tse.jus.br/legislacao/compilada/res/2024/resolucao-no-23-738-de-27-de-fevereiro-de-2024";True;False;;
01/14/2025;Envio de ata de encerramento dos testes de integridade;" Data-limite para o encaminhamento, pelos TREs, da ata de encerramento dos trabalhos relativos aos testes de integridade das urnas eletrônicas ao Tribunal Superior Eleitoral (Res.-TSE nº 23.673/2021, art. 72).

RES. TSE Nº 23.738/2024
Calendário Eleitoral (Eleições 2024)
https://www.tse.jus.br/legislacao/compilada/res/2024/resolucao-no-23-738-de-27-de-fevereiro-de-2024";True;False;;
01/14/2025;Solicitação de relatórios e cópias de arquivos para auditoria;"3. Último dia para as entidades fiscalizadores solicitarem à Justiça Eleitoral, para auditoria que demande a preservação da cadeia de custódia, os seguintes relatórios e cópias dos arquivos de sistemas (Res.-TSE nº 23.673/2021, art. 48):

a) arquivos de log do Gerenciador de Dados, Aplicativos e Interface com a Urna Eletrônica (GEDAI-UE);

b) arquivos de dados alimentadores do Sistema de Gerenciamento da Totalização, referentes a pessoas candidatas, partidos políticos, coligações, federações municípios, zonas e seções eleitorais;

c) arquivos de log do Transportador, do Receptor de Arquivos de Urna e do banco de dados da totalização;

d) arquivo de imagens dos boletins de urna (BUs);

e) arquivos de Registro Digital do Voto (RDV);

f) arquivos de log das urnas;

g) relatório de boletins de urnas que estiveram em pendência, sua motivação e respectiva decisão;

h) relatório Resultado da Totalização emitido pelo Sistema de Gerenciamento da Totalização (SISTOT), incluindo a relação das seções em que o boletim de urna tenha sido gerado em urna substituta;

i) arquivos de dados de votação por seção;

j) relatório com dados sobre o comparecimento e a abstenção em cada seção eleitoral.

RES. TSE Nº 23.738/2024
Calendário Eleitoral (Eleições 2024)
https://www.tse.jus.br/legislacao/compilada/res/2024/resolucao-no-23-738-de-27-de-fevereiro-de-2024";True;False;;
01/15/2025;Remoção de lacres e formatação de mídias de votação;"Data a partir da qual os seguintes procedimentos podem ser realizados com as urnas eletrônicas utilizadas na votação e na auditoria, desde que as informações nelas contidas não sejam objeto de exame em processo judicial: a) a remoção dos lacres das urnas eletrônicas; b) a retirada e a formatação das mídias de votação; c) a formatação das mídias de carga; d) a formatação das mídias de resultado; e) a manutenção das urnas.

RES. TSE Nº 23.738/2024
Calendário Eleitoral (Eleições 2024)
https://www.tse.jus.br/legislacao/compilada/res/2024/resolucao-no-23-738-de-27-de-fevereiro-de-2024";True;False;;
01/15/2025;Inutilização de cédulas e deslacramento de urnas de lona;"Data a partir da qual as cédulas e as urnas de lona eventualmente utilizadas nas eleições de 2024 poderão ser respectivamente inutilizadas e deslacradas, desde que não haja pedido de recontagem de votos ou não sejam objeto de exame em processo judicial (Código Eleitoral, art. 183, caput)

RES. TSE Nº 23.738/2024
Calendário Eleitoral (Eleições 2024)
https://www.tse.jus.br/legislacao/compilada/res/2024/resolucao-no-23-738-de-27-de-fevereiro-de-2024";True;False;;
01/27/2025;Último dia, nas unidades da Federação que realizaram segundo turno, para a cessão de funcionárias e funcionários à Justiça Eleitoral;"Último dia, nas unidades da Federação que realizaram segundo turno, para a cessão de funcionárias e funcionários à Justiça Eleitoral, pelos órgãos e entidades da Administração Pública direta e indireta.

RES. TSE Nº 23.738/2024
Calendário Eleitoral (Eleições 2024)
https://www.tse.jus.br/legislacao/compilada/res/2024/resolucao-no-23-738-de-27-de-fevereiro-de-2024";True;False;;
03/05/2025;Data em que deverá ser afixado o edital contendo a relação dos nomes e respectivas inscrições das eleitoras e eleitores identificadas(os) como faltossa(os) às três últimas eleições;"Data em que deverá ser afixado o edital contendo a relação dos nomes e respectivas inscrições das eleitoras e eleitores identificadas(os) como faltossa(os) às três últimas eleições.

RES. TSE Nº 23.738/2024
Calendário Eleitoral (Eleições 2024)
https://www.tse.jus.br/legislacao/compilada/res/2024/resolucao-no-23-738-de-27-de-fevereiro-de-2024";True;False;;
06/16/2025;Data até a qual as candidatas, os candidatos e os partidos políticos deverão conservar a documentação relativa a suas contas;"Data até a qual as candidatas, os candidatos e os partidos políticos deverão conservar a documentação relativa a suas contas, desde que não estejam pendentes de julgamento, hipótese na qual deverão conservá-la até a decisão judicial final.

RES. TSE Nº 23.738/2024
Calendário Eleitoral (Eleições 2024)
https://www.tse.jus.br/legislacao/compilada/res/2024/resolucao-no-23-738-de-27-de-fevereiro-de-2024";True;False;;
